<?xml version="1.0" encoding="windows-1252"?>
<Collection name="_export chc theme instructions" guid="{9A531DDE-70CB-40C2-A173-5F7D2C85D390}" system="No" updatable="Yes" blockNavigatorNode="No">
	<HelpLink></HelpLink>
	<Help></Help>
	<data>
		<record content="Theme Import Macros" guid="{D88F34F9-76F5-48B9-90B1-509AA36B0D2D}" name="import chc templates">
			<field name="ACTIVE">True</field>
			<field name="SORTORDER"></field>
		</record>
		<record content="Theme Import Macro Lines" guid="{5100EAC8-5656-4FB1-911C-A8E82276DA3D}" name="">
			<field name="ACTIVE">True</field>
			<field name="SORTORDER"><![CDATA[0100]]></field>
			<field name="THEMEIMPORTMACROID">{D88F34F9-76F5-48B9-90B1-509AA36B0D2D}</field>
			<field name="INSTRUCTIONID">2</field>
			<field name="SOURCE"><![CDATA[index.html]]></field>
			<field name="SELECTOR"></field>
			<field name="DESTINATION"><![CDATA[a]]></field>
		</record>
		<record content="Theme Import Macro Lines" guid="{063E1DFD-8FCE-4E96-ABD0-113EFF42595D}" name="">
			<field name="ACTIVE">True</field>
			<field name="SORTORDER"><![CDATA[0200]]></field>
			<field name="THEMEIMPORTMACROID">{D88F34F9-76F5-48B9-90B1-509AA36B0D2D}</field>
			<field name="INSTRUCTIONID">11</field>
			<field name="SOURCE"><![CDATA[a]]></field>
			<field name="SELECTOR"><![CDATA[body]]></field>
			<field name="DESTINATION"><![CDATA[Home]]></field>
		</record>
		<record content="Theme Import Macro Lines" guid="{F04E13EA-6FDA-400A-AD62-051C9BBAB621}" name="">
			<field name="ACTIVE">True</field>
			<field name="SORTORDER"><![CDATA[0300]]></field>
			<field name="THEMEIMPORTMACROID">{D88F34F9-76F5-48B9-90B1-509AA36B0D2D}</field>
			<field name="INSTRUCTIONID">12</field>
			<field name="SOURCE"><![CDATA[a]]></field>
			<field name="SELECTOR"><![CDATA[head]]></field>
			<field name="DESTINATION"><![CDATA[Home]]></field>
		</record>
		<record content="Theme Import Macro Lines" guid="{EE7712E8-774B-4F90-836E-988B4ECE6445}" name="">
			<field name="ACTIVE">True</field>
			<field name="SORTORDER"><![CDATA[0110]]></field>
			<field name="THEMEIMPORTMACROID">{D88F34F9-76F5-48B9-90B1-509AA36B0D2D}</field>
			<field name="INSTRUCTIONID">7</field>
			<field name="SOURCE"><![CDATA[{% {"menu" : { "Create New Menu":"home top" }} %}]]></field>
			<field name="SELECTOR"><![CDATA[ul.menu_desktop]]></field>
			<field name="DESTINATION"><![CDATA[a]]></field>
		</record>
		<record content="Theme Import Macro Lines" guid="{FF364C57-26BB-436B-B50F-4FB8CCE266FF}" name="">
			<field name="ACTIVE">True</field>
			<field name="SORTORDER"><![CDATA[0120]]></field>
			<field name="THEMEIMPORTMACROID">{D88F34F9-76F5-48B9-90B1-509AA36B0D2D}</field>
			<field name="INSTRUCTIONID">7</field>
			<field name="SOURCE"><![CDATA[<a href="http://www.contensive.com" class="fb">&nbsp;</a>]]></field>
			<field name="SELECTOR"><![CDATA[.social .fb]]></field>
			<field name="DESTINATION"><![CDATA[a]]></field>
		</record>
	</data>
</Collection>